ver_id,name_index,name,sortindex
280038,1,English second edition,1
80837,1,Chinese deluxe edition,1
297010,1,Eagle-Gryphon English-only edition,1
21364,1,FRED/Warfrog English/French/German first edition,1
338742,1,Brasilian edition,1
24188,1,"Lacerta ""Gra roku 2007"" edition",1
372458,1,Brazilian edition,1
415722,1,Complete edition,1
279473,1,Crokinole.de Blue Moon edition,1
231766,1,"English second edition, second printing",1
162771,1,"English second edition, first printing",1
593293,1,"English edition, sixth printing",1
401298,1,"English edition, fifth printing",1
210690,1,ケイラス,1
310025,1,蒙巴薩,1
25487,1,Tigre & Euphrate,1
167690,1,Dutch second edition,1
397449,1,Commodore edition,1
365815,1,Captain edition,1
427707,1,Jubiläumsedition,1
450857,1,That's Pretty Clever,1
416382,1,That's Pretty Clever,1
521290,1,Ganz Schön Clever,1
406548,1,恆河王侯,1
28183,1,Railways of the World first edition,1
79740,1,Railways of the World second edition,1
26956,1,Classic Sixth Edition,1
398483,1,English second edition,1
81643,1,Carcassonne,1
170612,1,"English edition 2002 with River expansion, cover with SdJ 'Kritikerpreis' x2",1
272170,1,Carcassonne: Mini kiegészítéssel (A folyó + Az apát),1
213638,1,Wsiąść do Pociągu USA,1
363131,1,Blue-Orange Giant edition,1
366986,1,English giant-sized edition,1
369176,1,German SdJ edition,1
388291,1,German XXL edition,1
340919,1,U.S. Multilingual edition,1
395311,1,Nordic Game of the Year edition,1
523350,1,Kingdomino,1
523350,2,Доминошное Королевство,1
388766,1,Canadian French-English edition,1
49474,1,"English edition with Kritikerpreis: Special Award, New Worlds of Gaming, Jury SdJ",1
296597,1,Russian edition,1
333494,1,蟲蟲攻防戰,1
347467,1,First edition,1
386368,1,Swedish Version 2.0,1
371871,1,Édition Québécoise,1
359473,1,Onslaught 2 Edition,1
569424,1,Onslaught 3 Edition,1
357017,1,US edition,1
398952,1,UK edition,1
174280,1,English Game of the Year edition,1
294178,1,English Game of the Year edition,1
177460,1,English Tempest edition,1
387086,1,Ken Niimura edition,1
53280,1,Fantasy Flight Edition,1
346839,1,Canadian French/English first edition,1
352089,1,Canadian second edition,1
142978,1,Japanese first edition,1
235483,1,Standard edition,1
102788,1,Se v€nde,1
392654,1,51e État: Seconde édition,1
37627,1,English deluxe edition,1
455802,1,Limited Edition,1
288995,1,English\French first edition,1
316259,1,新・キング・オブ・トーキョー,1
257464,1,Galápagos Brazilian first edition,1
414781,1,Galápagos Brazilian second edition,1
372583,1,MESA Portugal edition,1
483046,1,English anniversary edition,1
497421,1,French anniversary edition,1
439598,1,Twice As Clever,1
521289,1,Doppelt so Clever,1
404013,1,Canadian bilingual edition,1
498137,1,Gothic Salon edition 1961,1
498135,1,Conqueror edition 1962,1
498136,1,Conqueror edition 1980,1
367490,1,English-only first edition,1
299642,1,Multilingual first edition,1
390924,1,Multilingual second edition,1
90203,1,Amigo Second Edition,1
387050,1,Polish ninth edition,1
202685,1,Queen German SdJ edition,1
194975,1,Carcassonne: Jaegere og Samlere,1
194975,2,Carcassonne: Jegere og Samlere,1
289194,1,English revised edition,1
296554,1,Coup:  The Dystopian Universe,1
180703,1,Triumph & Tragedy: European balance of power,1
398269,1,Deluxe edition,1
23701,1,Koyba,1
223105,1,Escape: Chrámová Kletba,1
223105,2,Escape: Chrámová Kliatba,1
41866,1,6 takes!,1
41866,2,6...pega!,1
20516,1,6 qui prend!,1
20516,2,6 takes!,1
20516,3,6...le prendi!,1
20519,1,6 Võtab,1
20519,2,6. Ņem!,1
135468,1,Nelospelit Finnish edition,1
358580,1,東海道 Tokaido,1
449560,1,Kickstarter edition,1
387737,1,US edition,1
398961,1,UK edition,1
398969,1,Canadian bilingual edition,1
335014,1,Parallel Games Entrepeneur edition,1
291104,1,English Wargame Vault reprint edition,1
266660,1,Deluxe Edition,1
312946,1,オー・マイ・グーッズ！,1
213158,1,Educational Insights English edition 2005,1
441026,1,Mattel Japanese DX edition,1
97991,1,Dutch tin box edition,1
34025,1,Rio Grande Games Multilingual Edition,1
514193,1,Perudo: Comics,1
444177,1,Third printing,1
281864,1,空中之城,1
337045,1,Japanese edition,1
64197,1,Scandinavian edition,1
596990,1,Golden Geek Edition,1
404142,1,New Edition,1
220804,1,惨劇RoopeR X,1
130498,1,Crisloid edition,1
132528,1,Educa Spanish Edition,1
130495,1,Schmidt Wood Edition,1
297821,1,Les Châteaux de Bourgogne : Le jeu de carte,5
50223,1,Alice in Wonderland Parade,1
344075,1,Dungeon Master Edition,1
307052,1,Merchant edition,1
296400,1,MindWare English edition 2006 (blue logo),1
469527,1,Premium Edition,1
354907,1,花舍物語,1
387139,1,Traditional Chinese edition,1
82374,1,English tin edition,1
70393,1,Chinese edition,1
323505,1,本州,1
600316,1,Luxury Limited Edition,1
21963,1,Deluxe edition,1
109873,1,Dutch Speciale Benelux edition,1
277068,1,English-only anniversary edition,1
396151,1,English retail edition,1
403775,1,English Kickstarter edition,1
401835,1,"German deluxe edition, second printing",1
265943,1,English Ultimate edition,1
447775,1,2nd printing Version 1.1,1
466070,1,Fog of Love – Romantische Komödie als Brettspiel,1
411336,1,Kwanchai Moriya Edition,1
411336,2,Target Exclusive,1
109395,1,Italian second edition,1
101990,1,烏邦果,1
25451,1,Fuggi Fuggi!,1
365074,1,Les Châteaux de Bourgogne: Le jeu de dés,5
450937,1,First edition,1
406516,1,Blue Orange English edition,1
412280,1,First edition,1
175598,1,Grow Portuguese edition 1977,1
117435,1,First Spanish Edition,1
239869,1,化裝舞會,1
27706,1,Hungarian first little box edition,1
29289,1,English unlimited edition,1
521131,1,Ishtar: Jardines de Babilonia,1
370426,1,Ridley's edition,1
167415,1,Level 99 Minigame Library edition,1
205948,1,daVinci English/Italian edition 2003,1
313473,1,dV Giochi English/Italian fourth edition,1
88134,1,Steve Jackson edition 1982,1
31408,1,F.X. Schmid German edition,1
394106,1,Little Songbirds,1
57880,1,Bambus German/English edition,1
367421,1,Gigamic Giant deluxe edition,1
363947,1,Waterproof edition,1
145501,1,Ravensburger French Edition,1
23981,1,German First Edition,1
24931,1,King of Siam,1
443609,1,Wettlauf nach El Dorado: Die Goldenen Tempel,1
153382,1,Cathay pocket magnetic edition,1
287846,1,All-Aboard Games Handmade 08,1
395874,1,Argentinian edition,1
434092,1,Life Bundle,1
132985,1,루미큐브 셀렉트,1
364809,1,Pressman Attache edition,1
289646,1,Classic Line edition,1
489796,1,Kickstarter Exclusive Edition,1
279240,1,Kickstarter edition,1
23723,1,German third edition,1
449425,1,Spanish edition,1
332297,1,Estoril 1942: Un juego de espias,1
264909,1,MB Italian edition,1
351591,1,Japanese edition,1
499019,1,Chinese 10th Anniversary foil edition,1
69402,1,Nordic edition,1
307954,1,Daffodil edition,1
531855,1,Fourth edition,1
64188,1,Classic Battletech A Game of Armored Combat,1
92057,1,English 25th Anniversary edition 2011,1
103535,1,The Adventurers: La Pyramide d'Horus,5
349772,1,Great Rebuilding Edition,1
328604,1,Deluxe Second Edition,1
21756,1,Rio Grande English edition,1
338664,1,Spanish / portuguese first edition,1
528473,1,Comrade edition,1
405340,1,Milton Bradley English edition 1990,1
39050,1,Foreign Edition (Spanish),1
99316,1,Evertide Edition,1
44202,1,US edition,1
419340,1,UK edition,1
37865,1,French edition,1
31390,1,La Traversée du Delta,4
439357,1,Centenary Edition,1
26085,1,Family Games edition,1
428071,1,もっとホイップを,1
95927,1,Fantasy Flight Edition 2011,1
212735,1,Novembre Rouge,1
337044,1,Japanese edition,1
282693,1,"English Revised Edition, 4th printing",1
256649,1,"English Revised Edition, 2nd printing",1
276500,1,"English Revised Edition, 3rd printing",1
190938,1,150th Anniversary Edition,1
132433,1,East German edition,1
27602,1,Third printing,1
48413,1,French/English edition,1
301115,1,All-Aboard Games Handmade 09,1
509988,1,English deluxe edition 2013,1
218960,1,English deluxe edition 2014,1
280973,1,German deluxe edition,1
275614,1,Target edition,1
74599,1,UK/European edition,1
370001,1,Barnes & Noble edition,1
139747,1,Catturare il famoso ladro di opere d'arte,1
467283,1,歐洲十日遊,1
402866,1,バスルートをつくろう,1
366815,1,EN/FR/GE/NL edition,1
399818,1,Red edition,1
111900,1,Parker Finnish/Swedish edition 2003,1
376580,1,Designer's edition,1
485162,1,Commnad Japan edition,1
22385,1,English first edition (Mensa Select),1
397684,1,Maszyny Parowe,1
236157,1,Boggle Reinvention,1
28293,1,Ravensburger German first edition 1988,1
220740,1,English-only first edition,1
236951,1,"Panzergruppe Guderian: De Slag van Smolensk, Juli 1941",1
439206,1,Q-System: Sherlock – Dernier Appel,1
248528,1,아브라카 왓?,1
320486,1,圓樓,1
450826,1,圓樓,1
192290,1,Kości opowieści,1
561454,1,The Impoverished Pilgrim's Edition,5
333496,1,造王者！,1
233331,1,First Season,1
355912,1,Season 2,1
355913,1,Season 3,1
504079,1,Unlock! La Élite,1
410770,1,Version 3,1
243121,1,Car Wars Classic,1
599896,1,Breaking Games English 0081507 edition,1
599896,2,Breaking Games English 0309685 edition,1
482193,1,English second edition,1
439207,1,Q-System: Sherlock – La Tombe de l'Archéologue,1
370780,1,西安,1
199102,1,Geistertreppe,1
199102,2,L'eschalier Hanté,1
297411,1,Delete,1
427284,1,German version,1
329744,1,Metal pieces edition,1
72031,1,Hazgaard multilingual edition,1
20984,1,Multilingual first edition,1
397118,1,Blaue Bohne special edition,1
24627,1,Matagot second edition,1
311023,1,Chinese edition,1
159598,1,Ravensburger Chinese edition,1
370211,1,English revised edition,1
534562,1,English 4th Edition,1
28594,1,Fantasmagorie!,1
27985,1,Ile Boule de Feu,1
283648,1,花札,1
428789,1,横濱紳商伝デュエ,1
510114,1,German second edition,1
336021,1,First edition,1
180158,1,Alcatraz: Il Capro Espiatorio,1
532768,1,Boxed Set,1
151616,1,Fortune,1
87972,1,Maritime Silk Road,1
20607,1,렉시오,1
186365,1,Gibson & Sons edition,1
41913,1,German first edition,1
331292,1,Italian edition,1
217486,1,English edition 1998,1
222825,1,Bonn from the Roman Age until Today,1
397435,1,Gilded edition,1
446670,1,French Cannes festival edition,1
599784,1,Magic Kingdom Park Edition,1
395735,1,Retail edition,1
248802,1,English first edition,1
259358,1,Chinese edition,1
504081,1,Unlock! La Quinta Avenida,1
186199,1,Irish edition,1
265639,1,Kości opowieści: Akcje,1
191147,1,Ventura Australian edition,1
439208,1,Q-System: Sherlock – Mort un 4 Juillet,1
125852,1,Pressman  Junior Edition,1
546558,1,English edition,1
546558,2,English Kickstarter & Convention,1
214540,1,Grolsch Dutch edition,1
290512,1,DHL Dutch edition,1
30042,1,UK edition,1
302288,1,Armadöra,1
437389,1,German REWE edition,1
225637,1,First edition,1
101962,1,Mini Orchard,1
458171,1,Deluxe Edition,1
307651,1,Portal: Nespolečenská hra o sbírání dortu,1
405030,1,English ten player edition,1
74588,1,German edition,1
376855,1,Canadian Bilingual edition,1
509911,1,Finishing Time,1
49626,1,Au voleur!,1
457691,1,UK edition,1
466335,1,Q-System: Sherlock – Propagation,1
275542,1,派德羅與食人魚,1
466337,1,Q-System: Sherlock – 13 Otages,1
24371,1,Winning Moves English Edition,1
33692,1,L'As des As,3
271922,1,Fourth printing,1
423159,1,Το Παιχνίδι του Στέμματος: Παιχνίδι με Κάρτες,1
138449,1,Reisen til Jordens Indre,1
232837,1,English deluxe edition,1
301853,1,Guest artist edition 2016,1
504080,1,Unlock! La Mazmorra de Doo-Arann,1
78356,1,TSR edition,1
366783,1,New Board Game Party edition,1
389592,1,Canadian edition,1
25412,1,English first edition,1
193692,1,English first edition,1
26880,1,English edition,1
500906,1,Deluxe Edition,1
443096,1,English edition,1
28893,1,Revised first edition,1
368890,1,Commodore edition,1
28869,1,Parker brothers English Edition,1
206008,1,Risk Star Wars: edicion guerras Clon,1
466340,1,Q-System: Sherlock – Le Parrain,1
117064,1,Dutch edition,1
461581,1,First edition,1
384849,1,Premier Set edition,1
52827,1,Adlung-Spiele multilingual edition,1
106378,1,Australian edition,1
427874,1,Dutch 3D edition,1
239566,1,First Boxed Edition,1
21388,1,Deluxe edition,1
21388,2,Fancy edition,1
322666,1,폴드-잇,1
42961,1,First printing,1
80508,1,Second printing,1
369777,1,1824: Österreich-Ungarn,1
30980,1,1824: Österreich-Ungarn,1
455382,1,North Anerican edition,1
335086,1,閃靈快手 魔法帽,1
425207,1,Second edition,1
410079,1,Russian deluxe edition,1
458156,1,Howly Growly Box edition,1
243661,1,first Edition French,1
447430,1,English first edition,1
277821,1,The Ladybugs' Costume Party,5
263915,1,Clue: Percez les secrets,1
275182,1,English first edition,1
204598,1,Anniversary edition,1
504078,1,Unlock! El Templo de Ra,1
73885,1,"1st edition, 4th printing",1
326827,1,First edition,1
280316,1,Classic Line edition,1
464363,1,Gilded Edition,1
422906,1,Silly Cow,1
28470,1,Second edition,1
25813,1,First edition,1
219607,1,快樂農莊,1
321880,1,English deluxe edition,1
72789,1,Dutch/French edition,1
506761,1,10th Anniversary edition,1
498407,1,Warehouse Edition 2018,1
189144,1,古代ローマの新しいゲーム,1
330439,1,Command Japan magazine edition,1
226950,1,Feintes Dissimulées,1
567270,1,Pharaoh's Edition,1
124386,1,将棋ごいた,1
451380,1,Tonkin: La Guerre d'Indochine,1
175840,1,Tube classic edition,1
25895,1,''Casino-Serie'' edition,1
243970,1,O tango da tarântula,3
243970,2,El tango de la taràntula,4
310546,1,Tarantúlutangó,1
459708,1,English remastered edition,1
504076,1,Unlock! En Busca de Cabrakán,1
70656,1,Le Dernier Succès,4
416916,1,Le Dernier Succès,4
312603,1,松鼠也瘋狂,1
222630,1,3 Kingdoms: The Secret Society,1
422150,1,Close to the Mark!,1
422150,2,English/French/German/Italian edition,1
422150,3,Juste à côté!,1
79765,1,Incognito,1
79765,2,Inkognito,1
392676,1,German Director's Cut edition,1
310925,1,知識線 恐龍篇,1
30445,1,First edition,1
506434,1,ΤΟ ΚΑΛΟ ΠΑΙΧΝΙΔΙ,1
294613,1,Lineacinque,1
294613,2,Morpion,1
315085,1,Wizardry to the power of three,1
325758,1,Mini edition,1
368178,1,1918: Veli Veljeä Vastaan,1
361427,1,Schwarzes Schaf,1
361427,2,豬朋狗友之黑仔阿羊,1
517933,1,Fly Swatter,1
265271,1,Tangled edition,1
141138,1,Rapunzel edition,1
85569,1,German sixth edition,1
130087,1,IKEA wooden edition,1
130087,2,Ikea wooden edition,1
297681,1,Головоноги,1
40679,1,Family edition,1
265905,1,Second edition: PDF only,1
341360,1,ナショナルエコノミー,1
344063,1,ナショナルエコノミー,1
90883,1,Dutch edition,1
310926,1,Ab in die Tonne,1
470027,1,English Alpha Genesis edition,1
260807,1,Boxed edition,1
32626,1,Tactic Finnish third edition,1
544063,1,Nelospelit Finnish first edition,1
486153,1,Nelospelit Finnish second edition,1
144827,1,Tintin Collector edition,1
100903,1,Hola Edition,1
83636,1,Early Railways Collection,1
446198,1,Marbles edition,1
473808,1,Hungarian edition,1
231935,1,First  edition,1
333495,1,怎麼鳥,1
468592,1,Zumos,1
78072,1,First edition,1
353280,1,エンペラーズ・チョイス,1
422350,1,Designer's Edition,1
390722,1,English edition,1
390722,2,English First Edition: Gravity Feed,1
263626,1,English First Collector's Edition,1
373416,1,Deluxe edition,1
265289,1,와글와글 던전,1
428790,1,First edition,1
106978,1,Borodino,1
253732,1,First edition,1
376618,1,Classic edition,1
430791,1,English edition,1
35664,1,Fantasy Flight Silverline edition,1
396879,1,French Cannes edition,1
390567,1,English second edition,1
370872,1,German Sdj edition,1
276830,1,Heidelberger Multilingual first edition,1
431583,1,Revised edition,1
248681,1,Préférence Personelle,1
362532,1,Brain Games edition,1
369714,1,Big Game Night Edition,1
244678,1,English-only first edition,1
397395,1,First edition,1
394621,1,English deluxe edition,1
318275,1,English standard edition,1
238099,1,Poliorkia,1
388910,1,Revised edition,1
361689,1,Second to None edition,1
322198,1,Very first edition,1
235583,1,Peikkopolku,1
272721,1,First edition,1
29315,1,Parker Brothers Canadian Bilingual Edition 1972,1
223547,1,Jorden runt på 80 dagar,1
440316,1,ソーラウィン,1
440316,2,蒐靈祭,1
453602,1,Jäinen kuolema: Suomen talvisota,1
337041,1,Chinese edition,1
110027,1,Big Box Edition,1
394416,1,Rojo,1
358813,1,ナショナルエコノミー・メセナ,1
434808,1,功夫擂台,1
44503,1,Fiery Dragons,1
44503,2,Fort comme un dragon,1
44503,3,Forte come un drag,1
44503,4,Fuerza de dragón,1
44503,5,Sterk als een draak,1
514316,1,Delete this tag,1
506743,1,Sakura edition,1
341598,1,English/German edition,1
40372,1,First edition,1
441975,1,Wooden edition,1
236258,1,English 10th Anniversary edition,1
88076,1,"Star Fleet Battle Manual: Improved, Expanded 2nd Edition",1
338890,1,German travel edition,1
424203,1,ライナー・クニツィアのカリスト,1
272438,1,First edition,1
412133,1,English/Portuguese/Spanish edition,1
448370,1,13 Schafe,1
399008,1,Pas de soucisse,1
455285,1,功夫,1
414636,1,Moorgeister,1
450606,1,Pocketbox edition,1
215039,1,Days of Honor: Operation Wildhorn III,1
21083,1,Mut Zur Lucke!,1
21083,2,Place Au Risque!,1
21083,3,Tappa il Buco,1
441225,1,Premium Hardwood: Limited Edition,1
427240,1,Print and Play first edition,1
599499,1,For the Greater Good Edition,1
601832,1,Für Das Gemeinwohl Auflage,1
507373,1,English edition,1
322812,1,The Rolling Witch,5
322812,2,La Sorciere Filante,4
322812,3,La Strega Frettolosa,4
446420,1,Limited Edition,1
475990,1,Поделим,1
402361,1,IWA square edition,1
509670,1,IWA CAPITAL German edition,1
536525,1,Nephilim Edition,1
32299,1,Command magazine edition,1
415981,1,First edition,1
269723,1,English edition,1
173920,1,Le chat et les souris,4
173920,2,Katz und Maus,1
484089,1,Swiss edition,1
313170,1,Catch Me!,1
42634,1,Acchiappami!,1
42634,2,Attrape-moi!,1
42634,3,Catch Me!,1
42634,4,"Pak me dan, als je kan!",1
42634,5,¡Atrápame!,1
429562,1,Processing Kickstarter Edition,1
394486,1,English gigantic edition,1
143586,1,Red letter/green box edition,1
337455,1,Azure House edition,1
445190,1,エスパーピザ屋ゴーストタウンへ行く,1
390020,1,First edition,1
181786,1,Daimyo edition,1
178575,1,In Country: The Vietnam War,1
208457,1,German edition,1
28078,1,StarForce Terra: Contact,1
138356,1,German-French-Italian-Dutch-English Edition,1
121152,1,English/German first edition,1
377426,1,ヴィータモーズ,1
377426,2,維塔穆斯,1
29959,1,Jeu D'Affaires,1
200490,1,Warzone,1
200490,2,Warzone Resurrection,1
299191,1,Save the Treasure of Fairy Tales,1
397397,1,English edition,1
181559,1,Australia / New Zealand edition,1
479511,1,English/French edition,1
75279,1,NonSense Classic,1
117760,1,Milton Bradley Edition,1
368124,1,Chick-Fil-A edition,1
437921,1,2.0 edition,1
31449,1,1961A edition,1
94655,1,1961B edition,1
30700,1,D-Day '65,1
71760,1,Denys Fisher edition,1
372442,1,Les Gratounets,5
372442,2,De Hoorzels,4
372442,3,Die Hörbies,5
372442,4,Gli Orecchietti,5
372442,5,Los Orejudos,5
373267,1,Il castello del ranocchio scalatore,4
373267,2,El castillo de la Rana Escaladora,4
373267,3,Castle Climbing Frog,1
373267,4,Klaas Klauter,1
373267,5,Ploufette en mission,1
82582,1,Zoch multilingual first square box edition 2011,1
100945,1,First edition,1
252721,1,Green Berets: Vietnam,1
413048,1,夢：第十三章,1
457750,1,Revised and Expanded edition,1
89009,1,Blenheim 1704,1
428701,1,Not Safe For Work edition,1
296859,1,Safe for Work edition,1
290478,1,はんか通骨董市,1
554281,1,Third edition,1
469231,1,トランスアメリカ＆ジャパン,1
277820,1,Bouncing Bunnies,1
463273,1,Одним Словом,1
230286,1,Legendary Showdown,1
209752,1,Dragon vs Bear: Russian & Chinese Armed Forces in the 21st Century,1
169252,1,SPI Strategy & Tactics Edition,1
296589,1,Пиратские бароны,1
534769,1,Irish edition,1
99197,1,Superhirn,1
32478,1,MicroHistory 3,1
373967,1,English tin edition,1
83083,1,multilingual first edition,1
545735,1,Original 1992 Edition,1
376213,1,Australian edition,1
263325,1,Chasse-cercueils,1
263325,2,Duw de doodskist,1
263325,3,Sbaracca la bara,1
107046,1,Folio edition,1
424894,1,Extra Issue #8 edition,1
34532,1,"""The Best"" edition",1
45136,1,"""Maureen Hiron's Qwitch"" Edition",1
525678,1,Kickstarter edition,1
373384,1,International edition,1
32472,1,MicroHistory 4,1
451811,1,ハラグロパティスリー,1
451811,2,腹黑菓子店,1
451811,3,꾀보 케이크 샵,1
32064,1,MicroHistory 5,1
94210,1,Cadaco tin edition,1
603602,1,Polish edition,1
172357,1,Risorgimento: War in Italy 1848,1
293507,1,2015 AEG Black Box Edition,1
253919,1,異族爭霸,1
80526,1,German Edition,1
345588,1,"""Dawn of the Legion""",1
419594,1,Chinese/English edition,1
39662,1,Magazine edition,1
434138,1,高雄大空襲,1
570621,1,English/French edition,1
419025,1,Curse of the Pirate Gold,1
404048,1,グラバー,1
373722,1,Russian travel edition,1
183664,1,Holy Land: The Next Arab-Israeli War,1
30320,1,ATO Pocket Battle #4,1
350370,1,エーブス,1
350370,2,羽,1
32323,1,Command magazine edition,1
339066,1,Mexikói Párbaj,1
331738,1,English edition,1
237060,1,Japanese DX edition,1
210161,1,New Second Edition,1
438709,1,Objective Nuremberg: War in Europe in the 1980s,1
32476,1,MicroHistory 1,1
390614,1,Torre di animali: Una scalata da ricordare,1
172341,1,Over the Top! The Battles of Verdun & Lemberg,1
370642,1,飛騨古川,1
216453,1,Kellotornin Kummitukset,1
553627,1,Tree Stump edition,1
257960,1,Gardais siers!,1
257960,2,Mmm juust!,1
237272,1,Master Mind Tridimensionale,1
400815,1,English/German edition,1
209062,1,First edition,1
32324,1,Command magazine edition,1
95571,1,Fun City Game,1
406136,1,English/Spanish edition,1
374822,1,French & US Army edition,1
141705,1,Legendary Games party tin edition,1
307381,1,Front Porch Classics edition,1
169627,1,100 Years' War,1
387710,1,Eenhoorn Flonkerglans: Flonkerbingo,1
387710,2,Licornes dans les nuages: Bingo scintillant,1
387710,3,Liocorno Luccichino: Tombola scintillante,1
387710,4,Unicorn Glitterluck: Sparkling Bingo,1
387710,5,Unicornio Destello: Bingo chispeante,1
387710,6,独角兽莉莉: 闪闪发光的宾果游戏,1
182916,1,Complete Box Set,1
189422,1,Ancients: Thapos & Alexandria,1
189422,2,First edition,1
41827,1,Spanish first edition,1
387706,1,Occhio al re,1
387706,2,El Rey Tambaleante,4
387706,3,Roi en équilibre !,1
387706,4,Wiebelkoning,1
387706,5,Wobble King,1
137883,1,First edition,1
155865,1,Ligretto Football,1
230344,1,Huch & Friends edition,1
293712,1,Kristallikaivos,1
420026,1,Wspinaczka,1
483466,1,French 10th anniversary edition,1
216424,1,Delete,1
280022,1,鯊魚警報,1
27049,1,Allarme squali!!!,1
363789,1,オニバベル (Onibaberu),1
176099,1,First edition,1
111573,1,First edition,1
50197,1,English/French/Spanish edition,1
98692,1,Milton Bradley edition 1990,1
322823,1,Operação Resposta Rapida,1
416994,1,두 잇!,1
300287,1,Erämaashakki,1
300287,2,Ørkensjakk,1
262697,1,Playtoy English/French edition,1
311720,1,Chinese edition,1
106005,1,English edition,1
230391,1,7 Up,1
230391,2,Seven Up,1
323362,1,Roar! Attrape le Monstre,1
442569,1,炸彈,1
158147,1,De Magier: een Spel van Magische Konflikten,4
198628,1,Tin box edition,1
95548,1,Flipsiders: Mall Madness,1
316217,1,Bajuszcsapó,1
316217,2,Chyť si fúzy,1
316217,3,Chyť si knír,1
316217,4,Złap wąsy!,1
32596,1,First edition,1
250020,1,Troll: W Czarodziejskim Lesie,1
40373,1,"1979 Spiel des Jahres ""Beautiful Game""",1
285977,1,Zamki na piasku,1
450601,1,Non-Seasonal edition,1
398645,1,English third edition,1
262434,1,Kalejdoo!,1
29941,1,Ravensburger flat box,1
117822,1,English edition,1
143209,1,New blue logo,1
303953,1,Chicken out,1
333493,1,夢想x3,1
496576,1,English collector's edition,1
358981,1,Gold Version,1
187443,1,Parker travel-sized edition,1
123473,1,First edition,1
108398,1,Swedish/Danish edition,1
462176,1,Full Of Shit Edition,1
25436,1,Terrorbull English first edition 2009,1
125607,1,"The Forgotten Axis: German Attack on Murmansk, 1941",5
532849,1,Retro edition,1
364776,1,Looney Tunes Collector's Edition,1
52582,1,Classic Cartoon Limited edition,1
260081,1,Bloody Nights,1
260081,2,Blutige Nächte,1
104581,1,Harry Potter ja Viisasten Kivi Tylypahkan Arvoitus,1
245124,1,English edition v 1.0,1
367182,1,Naughty edition,1
407003,1,Belgian edition,1
122049,1,Drumond Park English edition,1
168787,1,Carma Race,1
260814,1,Avec: kontaktande parspel,1
400082,1,Kickstarter exclusive edition,1
270376,1,The 7th Dwarf,1
279210,1,First edition,1
303437,1,Madeline's House,1
150879,1,Ravensburger Dutch Edition,1
33290,1,Annihilator / One World,1
160568,1,La Grande Ruse,4
438555,1,Second edition,1
507331,1,Piatnik XXL edition,1
63778,1,Chats,1
159234,1,Dutch/French edition,1
113486,1,Portuguese first edition,1
369180,1,Crown & Andrews Australian edition,1
31703,1,Sparbanken promotional edition,1
333497,1,木林森處,1
283265,1,Jeu/Enquête sur la disparition d'un animal favori,1
27462,1,Dutch Nostalgia Games edition 2003,1
27855,1,Continental Game Risk!,1
34366,1,English Nostalgia edition 2003,1
568611,1,Cardinal English tin edition,1
148603,1,English Canadian edition,1
200599,1,Parker Brothers Greek edition,1
124962,1,Paul Lamond British Edition,1
37068,1,Parker U.S. edition,1
160771,1,Portuguese edition,1
182414,1,Parker Brothers Australia / New Zealand edition,1
181409,1,Mattel multilingual 40th Anniversary edition,1
483444,1,BIBA Boerderij edition 2009,1
235718,1,Cijferdomino,1
24742,1,Barricade,1
24742,2,Barricata,1
136271,1,Barricade,1
136271,2,Barricata,1
136271,3,Das Malefizspiel,5
295547,1,Hasbro English Grab & Go edition,1
33770,1,"Milton Bradley ""Games To Go"" edition",1
207945,1,Spanish Pocket edition,1
407112,1,German special edition,1
160511,1,German First 300 Cards Edition,1
397589,1,Canadian edition,1
28609,1,Winning Moves edition 1998,1
190447,1,El Greco Greek edition,1
506300,1,Tin edition,1
224630,1,La Chasse aux Occasions,4
251531,1,Боп Ит,1
113859,1,Ravensburger German yellow surround edition,1
162398,1,Ravensburger Meine ersten Spiele Edition,1
113856,1,Ravensburger German yellow dolphin edition,1
349579,1,Shark Chase!,1
196885,1,Le renard et la poule,4
196885,2,La volpe e le galline,4
548602,1,Large sized edition,1
133419,1,Middle sized edition,1
441913,1,Small sized edition,1
72779,1,Milton Bradley Canadian edition,1
161824,1,Hasbro Dutch edition 2010,1
41915,1,Journey Through Germany,1
41915,2,Voyage en Allemagne,1
184227,1,Parker Brothers/Hasbro English edition,1
26635,1,De Luxe Edition,4
289650,1,Classic Line edition,1
108224,1,Pass-out Games 25th Anniversary Edition,1
128123,1,"Fundex Edition: ""Free Game"" Hang tag",1
98943,1,Dutch First Edition,1
130730,1,Milton Bradley English/French edition,1
217368,1,English black box edition,1
455216,1,Carcassone: Terningespillet,1
455217,1,Carcassone: Terningspillet,1
110511,1,Carcassonne: Tärningsspelet,1
30235,1,Fantasy Flight Silver Line edition,1
274894,1,Ali Baba et son chameau!,1
513240,1,Fairy Tale Lotto,1
513240,2,Loto des Contes,1
513240,3,Lotto di fabie,1
513240,4,Sprookjes-lotto,1
100792,1,Imagination Games Express edition,1
388809,1,Parker Brothers revision edition 1988,1
138640,1,Alga/Celador Finnish edition,1
171038,1,Creative Child edition,1
152478,1,English classic edition,1
156101,1,Argentinian edition,1
248419,1,QED Pocket Games edition,1
169176,1,Playmobil-Geluksspel,1
289649,1,Ravensburger Miffy edition,1
517061,1,Fyra i rad,1
82181,1,Fyra i rad,1
76401,1,HABA edition,1
99335,1,Milton Bradley edition,1
30825,1,Waddingtons large box edition,1
33326,1,Milton Bradley Hebrew edition 1999,1
77206,1,Cultural Classics edition,1
247569,1,Globe Ludo,1
150532,1,Vintage Collection  edition,1
248782,1,Milton Bradley Dutch edition 1971,1
409404,1,Hasbro Grab & Go edition,1
317545,1,Bonds et rebonds,1
259806,1,English box edition,1
177111,1,Parker Finnish edition 1996,1
36875,1,Belgium Flemish Edition,1
36875,2,Belgium Walloon Edition,1
36875,3,Brussels Edition (Bilingual),1
79880,1,Parker Brothers English edition with speed die & faster play rules,1
61069,1,Capitaly,1
131688,1,Classic Line edition,1
368319,1,Hasbro Canadian edition,1
241815,1,Les Aventuriers du Rail: 10e anniversaire,5
241815,2,Menolippu: 10th Anniversary,1
241815,3,Wsiąść do Pociągu: 10th Anniversary,1
241815,4,¡Aventureros al tren! 10º Aniversario,1
241815,5,チケット・トゥ・ライド・アメリカ 10th Anniversary,1
524768,1,Definitive edition,1
333830,1,L'année du Dragon (Edition 10ème anniversaire),1
237670,1,English/German kickstarter edition,1
374322,1,Farewell edition,1
499367,1,5th Anniversary edition,1
210286,1,jeu de base + extension,1
309419,1,English Brazilian Art edition,1
451081,1,The Game,5
394115,1,Wibbell++ deluxe,1
230870,1,Complete Carcassonne Collection,1
266355,1,First edition,1
350384,1,Nine Men's Morris and Pachisi,1
228885,1,They're off!,1
108420,1,First edition,1
108420,2,German edition,1
159976,1,Quatre contre quatre,1
46624,1,Abacus white box edition,1
235775,1,Boxed edition,1
161441,1,Ziplock edition,1
124595,1,Das Trojanische Spiel,5
103516,1,''Zwiebeltürme'' edition,1
91383,1,High Flying Dice (second) edition,1
247624,1,First English Edition,1
115266,1,First edition,1
46623,1,Abacus white box edition,1
476672,1,The (Expletive) Game!,5
476672,2,The Riot Game!,5
95777,1,First Edition 1999,1
370365,1,Historical Documents edition,1
370366,1,Remastered edition,1
128397,1,Topphemligt,1
108347,1,Sum-It Card Game Ltd blue edition,1
367139,1,Green edition,1
367140,1,Diorama edition,1
381661,1,42nd Anniversary edition,1
28640,1,Boer War,1
28640,2,Boer War: The Struggle for South Africa – 1899-1902,1
93143,1,Milton Bradley edition 1975,1
505843,1,Revised edition,1
112333,1,Inaugural Edition,1
177165,1,Bridge a Deux de Charles Goren,1
425894,1,Hexagames cardboard edition,1
157345,1,Canadian Bilingual edition,1
116973,1,Selecta Dutch/French edition,1
107246,1,First edition,1
172342,1,Vietnam Battles: Hue & Khe Sanh,1
113073,1,Birdfeed Frenzy,1
113073,2,De vogelbende,4
39479,1,First edition,1
145049,1,First edition,1
116364,1,Milton Bradley edition 1985,1
301733,1,Jeu De Cache-Cache et D'Hurlements,1
184804,1,French edition,1
366262,1,First edition,1
493627,1,"Flying Buffalo edition, third printing",1
109521,1,"Flying Buffalo edition, third printing",1
323530,1,Cuadernos de Modelismo,1
123387,1,Panzerschreck magazine edition,1
487317,1,Minden Classics Vol.1,1
40998,1,英仏百年戦争,1
339042,1,The Sundial: English Edition 1958,5
121770,1,Special edition,1
424160,1,Japan Wargame Classics edition,1
62968,1,Task Force,1
62969,1,Task Force,1
62970,1,Task Force,1
108574,1,UK edition,1
180760,1,Australian edition,1
323492,1,Oldenburger-Münsterland-Radtourspiel,1
367713,1,Advanced Rules edition,1
443186,1,Softcover edition,1
370047,1,59 cents edition,1
110595,1,49 cents edition,1
178493,1,Hasbro edition,1
110492,1,F.X. Schmid edition,1
265944,1,First edition,1
141769,1,Berliner edition,1
147900,1,54th version,1
486975,1,Rescue from the Hole,1
486975,2,Version 37-47-57,1
535454,1,Revised edition,1
41093,1,MOCKBA: La bataille de Moscou 1941,1
28647,1,Pershing's Chase of Pancho Villa,1
75385,1,Veselý statok,1
109705,1,First edition,1
321279,1,Leikkikenttä,1
106432,1,Revised edition,1
105478,1,La gazze ladre,4
105478,2,La pie voleuse,4
105478,3,De tjuvaktiga skatorna,4
174316,1,Skatteøen,1
174316,2,Skatteøya,1
210641,1,First edition,1
462430,1,The Game of Cyclists,5
442478,1,Australian edition,1
399133,1,4 contra 4,1
115406,1,Electra Woman and Dyna Girl Game,1
229640,1,Estrategia en railes,1
229640,2,Strategi på skinner,1
229640,3,Strategiaa kiskoilla,1
229640,4,La stratégie ferroviaire,4
229640,5,Strategie op rails!,1
229640,6,Strategy on rails,1
265726,1,First edition,1
23390,1,First Print and Play Edition,1
159053,1,Jeu De Chache-Cache,1
159053,2,Verstoppertje,1
188859,1,First edition,1
448506,1,50th Anniversary edition,1
468013,1,Yorkie Special Edition,1
239919,1,English first edition,1
252661,1,Magazine edition,1
434140,1,16th Anniversary Re-issue edition,1
110963,1,International Playthings Edition 2004,1
438382,1,Version 1.0,1
438376,1,Version 2.0,1
110832,1,2.0 edition,1
356607,1,Timmy tidies up,1
74222,1,Häuslein Bäumlein und Tierlein,1
74222,2,Maisonnette,1
237979,1,Sultanens skatt,1
106469,1,First edition,1
244905,1,French Green suitcase edition,1
160298,1,First Publication,1
142507,1,First edition,1
40976,1,秀吉頂上決戦,1
212654,1,Jeu de dauphins,1
212654,2,Juego del delfin,1
184987,1,First edition,1
177494,1,First edition,1
39456,1,Solomons Campaign (second edition),1
407691,1,Gold edition,1
237821,1,Multilingual edition (Finnish packaging),1
380940,1,UNO: University of Texas,1
163367,1,Gorlice-Tarnow: The Eastern Front in the First World War,1
492583,1,Mini edition,1
158924,1,Deux d'un coup,1
158924,2,Due per volta,1
407514,1,Second edition,1
268560,1,Innovakids Dutch/French edition,1
145803,1,Does this up-aggregate?,1
145803,2,Merge Source,1
145803,3,New Nickname 2 beta,1
145803,4,Test version with Release type,1
145803,5,Yet another with pre-order data,1
205612,1,Version merge test,1
40967,1,文禄朝鮮の役,1
48143,1,Beavers,1
48143,2,Bobiren,1
48143,3,Бобры,1
179886,1,Mic Mac,1
30807,1,Witch!,1
216588,1,Noris yellow square edition,1
74935,1,Travel edition,1
189337,1,Loppan,1
189337,2,Ormen Långe,1
187314,1,First edition,1
140955,1,Multilingual first edition,1
77373,1,First edition,1
21025,1,Klatwa Faraona,1
175250,1,Pique le miel,1
175250,2,Vieni a rubare il miele,1
21809,1,Second edition,1
23556,1,RainbowLand edition,1
27327,1,Prototype,1
40793,1,First edition,1
59186,1,The Game of Knowledge,5
59186,2,Paixnidi Twn Gnwsewn,1
70853,1,真田軍記,1
147445,1,Nathan Edition 1976,1
252411,1,Reindeer Races,1
90640,1,賤ヶ岳戦役,1
97385,1,German edition,1
155274,1,Eylau,1
99217,1,First edition,1
341488,1,Manic Monkeys,1
417595,1,Europese Wiskunde Kangoeroe edition,1
197529,1,First edition,1
123168,1,German edition,1
123191,1,Dutch edition,1
125037,1,First edition,1
125615,1,published edition,1
126614,1,源平合戦─寿永の乱─,1
128295,1,Party Games Publishers Orange Easy Chair Edition,1
230818,1,Fourth edition,1
204308,1,Dutch second edition,1
419137,1,Accessible edition,1
137885,1,First edition,1
137886,1,First edition,1
138108,1,English edition,1
494399,1,Signature edition,1
142227,1,First edition,1
192846,1,Second edition,1
150936,1,Greek Salad,1
156526,1,Het Boerderijspel van Muis,5
156526,2,Mausi's Bauernhofspiel,1
156526,3,Mimi à la ferme,1
357264,1,Obake Yashiki Game,1
172024,1,Wiesbadener Rundreise-spiel,1
174475,1,Massacre Game,1
174475,2,Poppenslachting,1
183700,1,PDF edition,1
185374,1,Ruba le bacche con Beccoverde,1
185374,2,Stealing Berries with Horngreen,1
185374,3,Voler des baies avec Bec'vert,1
187594,1,Hasbro/Winning Moves Australian edition,1
248031,1,Klee edition,1
191975,1,First edition,1
191976,1,Chinese Checkers and Telka,1
192933,1,Playmobil: Soccer Match,1
198173,1,Bonte bloementuin,1
199563,1,Parker Brothers yellow label edition,1
202052,1,English/Greek first edition,1
202802,1,German edition,1
203037,1,English/German edition,1
322976,1,Slippery Slopes,1
212302,1,王宮の歩き方,1
433831,1,Pocket edition,1
580223,1,English/Polish edition,1
225893,1,三河物語 ～参州一向争乱記～,1
226146,1,Au paays des créatures fantastiques,1
226146,2,Bewitched Creatures,1
226146,3,Creature incantate,1
226146,4,El hechizo de las criaturas magicas,4
226146,5,Tovenaar Fidibus,1
227385,1,Chinese big box edition,1
227386,1,密室惊魂,1
227787,1,Japanese postcard edition,1
229240,1,Metsik mõistatus,1
229240,2,Vild gissning,1
229240,3,Villi arvaus,1
230333,1,Deviner L'animal?,1
230333,2,Indivina L'animale,1
233255,1,Visegrad: The Coming War in Eastern Europe,1
235374,1,"Strike North Japan vs. the Soviet Union, 1941",1
238446,1,Le Jeu de La Fange,4
373270,1,Deluxe edition,1
240673,1,First Edition,1
403621,1,サルガッソーからの脱出,1
244693,1,Free Edition,1
246590,1,Поморы,1
246594,1,Men of Honor,1
463143,1,PDF edition,1
464045,1,Gen2 edition,1
249372,1,German edition,1
250207,1,太平洋戦史 Deluxe Edition,1
250707,1,Portuguese edition,1
253306,1,Game Crafter green-yellow two players edition,1
253306,2,Game Crafter red-blue two players edition,1
255739,1,AZUL,1
256751,1,Drive on Baghdad: 2003,1
257667,1,Red Dragon Falling: Civil War in China,1
258150,1,First edition,1
282421,1,French first edition,1
260293,1,English edition,1
260412,1,绝境神鹰,1
261105,1,New Dawn,1
263349,1,Dragon Rally,1
263653,1,First edition,1
269591,1,New World Order Battles: Hyperwar in the 21st Century,1
309687,1,High Flying Dice Games edition,1
271352,1,First edition,1
280599,1,French first edition,1
397081,1,Tantrum Magazine Edition,1
325321,1,Kickstarter First edition,1
279866,1,10th anniversary edition,1
283418,1,French first edition,1
283626,1,La caldera caótica,4
283626,2,Caos nel calderone,1
283626,3,Ketelchaos,1
283626,4,Potions' Délire,1
285285,1,English first edition,1
301351,1,First edition,1
285634,1,Ciudad ecológica,1
285634,2,Eco-stad,1
285634,3,First edition,1
285634,4,Öko-Stadt,1
286321,1,桶狭間合戦,1
290695,1,Morrisons promotional edition,1
292638,1,German edition,1
419797,1,DDR-Spiel,1
366067,1,Erasmus Medical Center edition,1
294790,1,北緯73度,1
303531,1,カレンと海賊の島,1
303645,1,First edition,1
307424,1,The American Revolution in the South,5
309175,1,Игрокарты,1
312508,1,父辈的铁拳：抗美援朝战争,1
324652,1,English/French/German/Japanese edition,1
408210,1,ミツバチマッチ!,1
466948,1,"Torpedo Raiders, Advanced Edition",1
332267,1,First Polish edition,1
337626,1,Jeu de Partie de Bonne Fete,1
338262,1,English edition,1
341475,1,Peggy Porcupine,1
341480,1,The Cat's Meow,5
341486,1,Good Night Monster,1
464778,1,Asymmetry version 2.0,1
343971,1,"1, 2, 3: heksenmie!",1
343971,2,"1, 2, 3: indizio, vieni a me!",1
343971,3,First edition,1
343971,4,Petits sorciers,1
343971,5,"¡1, 2, 3, hazlo aparecer!",1
344589,1,Tele-Foot,1
347992,1,English edition,1
350371,1,アニマニア,1
350419,1,Polish edition,1
350419,2,Simply Clever Cards Arytmetyka,1
351473,1,台湾で最も美しい風景 トランスボックス,1
414257,1,Mini edition,1
352116,1,天国王朝：第二三次十字军东征,1
352117,1,帝国的黄昏：柏林战役1945,1
352118,1,决战天王寺,1
353877,1,Japanese edition,1
441166,1,Advanced Edition,1
525267,1,English edition,1
362569,1,Second edition,1
366924,1,ウィングスピリッツ,1
366927,1,Сокровища семи морей,1
369665,1,English edition,1
369764,1,シン・関ヶ原,1
369898,1,"Il mondo dei sensi: udito, vista, gusto, olfatto e tatto",4
369898,2,"El mundo de los sentidos: Vista, olfato, oído, gusto, tacto",4
369898,3,"Planète des sens: Voir, goûter, sentir, écouter, toucher",1
369898,4,"Sensory World: hearing, seeing, tasting, smelling, feeling",1
369898,5,"Wereld van de Zintuigen: Horen, zien, proeven, ruiken, voelen",1
370451,1,First edition,1
370660,1,選舉工程,1
370937,1,北海道開拓使,1
371254,1,Noruega 1940,1
372438,1,Cachettes Partie,1
372438,2,El escondite,4
372438,3,Felix de Vos,1
372438,4,Findefuchs,1
372438,5,Fiutavolpe,1
373016,1,Bump,1
373228,1,Animales en acción: Active Kids,1
373228,2,Animali snodati: Active Kids,1
373228,3,Bewegende dieren: Active Kids,1
373228,4,First edition,1
373228,5,Mim' Animo: Active Kids,1
373478,1,First edition,1
373483,1,¡Vamos X los tesoros!,1
438716,1,Unlimited edition,1
373917,1,ワーテルローの戦い,1
374737,1,ようこそ、ビールまつり！,1
401407,1,Revised edition 1.2,1
379209,1,ルターの宗教大改革,1
382892,1,El botín de los piratas,4
382892,2,Il bottino dei pirati,4
382892,3,Le butin des pirates,4
382892,4,Piratenbuit,1
382892,5,Pirates Share,1
383891,1,Russian edition,1
385603,1,GUFMEF,1
386017,1,Je te fais la nique,1
386026,1,Tolv fångar,1
386322,1,幕末維新始末,1
387513,1,Wojtek the Bear,1
387567,1,First Edition,1
387699,1,Patchwork di principesse,1
387699,2,Princesa Mix-Max,1
387699,3,Princess Mix-Max,1
387699,4,Princesses Pêle-mêle,1
387699,5,Prinsessen Mix-Max,1
387701,1,Tourn'vite!,1
387701,2,¡Gíralo!,1
387702,1,Bichos,1
387702,2,Buggy Numbers,1
387702,3,Caccia agli insetti,1
387702,4,Mémo-math Petites bestioles,1
387702,5,Ongedierte,1
387703,1,"Chucu chu, El Pequeño Tren",1
387703,2,"Ciuf ciuf, arriva il trenino",1
387703,3,Color Choo Choo,1
387703,4,La loco des couleurs,4
387703,5,"Tsjoeke, tsjoeke, kleine trein",1
387704,1,Attention ! Monstres gloutons !,1
387704,2,Hungry Attic Monsters,1
387704,3,Niet voeren!,1
387704,4,Non gli date da mangiare!,1
387704,5,¡Atención! Monstruos glotones,1
387704,6,贪吃的怪兽,1
387709,1,Rally truck,1
387709,2,Rally Trucks,1
387709,3,Rallye Trucks,1
387709,4,Rallytrucks,1
387711,1,Mes premiers jeux: Petit ver luisant,1
387711,2,I miei primi giochi: Gli animaletti delle foglie,3
387711,3,Mijn eerste spellen: Dobbelwormpje,1
387711,4,Mis primeros juegos: La Luciérnaga,1
387711,5,My Very First Games: Little Creepers,1
387712,1,Mes premiers jeux: Théo le pompier,1
387712,2,I miei primi giochi: Vigili del fuoco,3
387712,3,Mijn eerste spellen: De brandweer,1
387712,4,Mis primeros juegos: Los bomberos,1
387712,5,My Very First Games: Fire! Fire!,1
387713,1,La Aventura de las Tablas,4
387713,2,Avonturier 1x1,1
387713,3,Avventura 1x1,1
387713,4,L'aventure 1x1,1
387713,5,Multiplied Fortunes,1
388125,1,First edition,1
388853,1,English edition,1
389920,1,動物棋,1
391322,1,English/Japanese edition,1
394032,1,First edition,1
395827,1,中国棋,1
397085,1,First edition,1
397086,1,Kakusareta heya,1
397352,1,田原坂の戦い,1
397624,1,Strašne žene,1
499404,1,Pocket edition,1
399232,1,坦克大戰,1
399234,1,星球大戰,1
404098,1,我滿懷業障的有病桌遊,1
406488,1,The Goldmine Never Sleeps,5
404812,1,The Goldmine Never Sleeps,5
406638,1,English edition,1
407027,1,“海運級”太平洋戦争,1
407030,1,太平洋の土下座,1
407036,1,満佐須計,1
407039,1,東大紛争 1968－1969,1
407264,1,牛仔很茫,1
407665,1,پی شوم,1
408375,1,国防軍の夜-1935-,1
408376,1,国防軍の夜２ 東洋の覇者-1937-,1
408379,1,慶長出羽合戦,1
408432,1,Who Dares Wins,1
409314,1,陪鵝歷險記,1
409847,1,La Guerra de los Mundos: Invasión,4
410140,1,Animali mix rally,1
410140,2,Mix-Max Rally,1
410140,3,Mix-max-rally,1
410140,4,Rally de Animales Mix Max,1
410140,5,Rallye Mix-Max,1
471172,1,Game Night Edition,1
411854,1,Giocadomino: Le Regioni d'Italia,1
412354,1,帝国反击：匈牙利战役1945,1
412355,1,熊哮利爪,1
412356,1,铁血江桥,1
413418,1,Licence to Die,1
416824,1,龙与十字,1
416828,1,兵临城下：莫斯科会战1941,1
418083,1,First Spanish Edition,1
421230,1,Unicorn Glitterluck: Quartets,1
420056,1,Unicorn Glitterluck: Quartets,1
421229,1,Unicorn Glitterluck: Quartets,1
421229,2,Unicornio Destello: Familias de amigos,1
421294,1,Schrodinger's Banquet,1
421999,1,Den hemmelige have,5
423111,1,Tairyou Zetsumetsu,1
423602,1,今晚打喪屍,1
423924,1,Галактико,1
424929,1,ver. 0.3.12,1
425308,1,Бобот,1
428880,1,Japanese first edition,1
434446,1,English editon,1
481375,1,Holiday edition,1
465490,1,First edition,1
434833,1,五年五百億,1
435051,1,French edition,1
582325,1,English edition,1
497973,1,Second edition,1
438651,1,東大安田講堂強襲,1
439882,1,Hugo's Hodgepodge,1
440045,1,German edition,1
441097,1,十三行,1
441103,1,燃烧的大陆 枭雄篇,1
443090,1,קומבינה בכנסת,1
445874,1,شب مافیا,1
446694,1,اسم کارتیل,1
447358,1,Spanish edition,1
447525,1,動物朋友,1
447906,1,First edition,1
448732,1,English edition,1
449796,1,Đồng Hành,1
452100,1,Rise and Fall of the Third Reich,1
452613,1,Ψυχολόγος,1
455393,1,Sìjì zhé zhé (Four Seasons),1
455395,1,ゴリアテ,1
456661,1,다빈치 캐슬,1
456857,1,First edition,1
457371,1,Rendezvous,1
457528,1,First edition,1
463562,1,English edition,1
463595,1,English edition,1
464022,1,Fujisan chika 99 kai,1
464276,1,캐치 크라임,1
464432,1,Datjjakgeoli,1
464432,2,Jjagebatgi,1
464432,3,Korean Jacks,1
464432,4,Salgu,1
464432,5,공기,1
517119,1,Dragon-chasseur,1
517119,2,Lohikäärme ja ritarit,1
466419,1,Dutch/English/French/German edition,1
467026,1,Perds pas ta paire,1
467811,1,دیوان,1
467923,1,Spanish edition,1
468772,1,じっくりミレー,1
472160,1,秦棋攻略,1
475924,1,軍師軍略,1
475927,1,Амбиции Космоса,1
475937,1,Лемминги,1
478050,1,Kickstarter edition,1
480123,1,怒涛の天下統一,1
481374,1,English edition,1
484877,1,First edition,1
484890,1,Version 1.00,1
485420,1,鏡の迷宮のドラゴン,1
486757,1,First edition,1
487132,1,アリサキダンスそしてバレエ,1
488054,1,クヴィーク！,1
488561,1,永恒之轮,1
488745,1,阵面对决,1
548910,1,Charlie Brown Christmas edition,1
492747,1,Yamanote Line SPEED,1
492753,1,Keihin-Tohoku Line SPEED,1
493647,1,Koenig Krieg Version 4,1
496663,1,泰山,1
497671,1,口袋战线: 苏德装甲部队的对决,1
501675,1,150th Civil War Anniversary edition,1
502008,1,English/French edition,1
503229,1,union of nations,1
504489,1,First edition,1
509789,1,Print and Play edition,1
509827,1,現代海戦三国志,1
517034,1,Sunset in Okinawa,1
520790,1,アマビエ,1
530499,1,Delete,1
532213,1,Spanish edition,1
535380,1,PDF edition,1
537365,1,Base Pack,1
556312,1,Standard Edition,1
583106,1,Expanded Edition,1
559671,1,World Edition,1
557424,1,Green Edition,1
559183,1,Red Edition,1
569406,1,Expanded Grand Tome Collection,1
569404,1,Special Edition,1
571475,1,Starter Edition,1
580736,1,Multilingual edition,1
583369,1,English/French/German edition,1
584746,1,English version,1
89386,1,Pandemia: På katastrofens rand,1
596703,1,German second edition,1
244052,1,Terra Mystica: Feu & Glace,1
115605,1,English edition,1
173151,1,Dutch edition 2012,1
29763,1,Greek edition,1
433641,1,Hungarian/Russian edition,1
398487,1,English retail edition,1
403774,1,English Kickstarter edition,1
129381,1,"Ritter, Räuber, Ränkeschmiede.",1
216327,1,Seasons: Das verwunschene Königreich,1
476163,1,English fifth anniversary edition,1
330715,1,Carcassonne: Expansion 3. – The Princess & the Dragon,1
363211,1,English limited edition,1
366712,1,¡Aventureros al Tren! Francia,2
366712,2,Les Aventuriers du Rail: France,5
366712,3,Zug um Zug: Frankreich,1
256588,1,Multilingual NL/EN/SP first edition,1
368147,1,犯罪現場︰隱蔽同盟,1
331391,1,佈局,1
394543,1,Wettlauf nach El Dorado: Helden & Dämonen,1
24965,1,English edition,1
174901,1,Prospěch vezírů,1
130445,1,"English first edition, 1st Printing",1
27197,1,Greek edition,1
499368,1,5th Anniversary Edition,1
365522,1,Dice Tower Indiegogo edition,1
333835,1,Die Burgen von Burgund: Handelsrouten (8.Erweiterung),5
25647,1,German first edition,1
342751,1,English/French edition,1
366983,1,Kickstarter deluxe edition,1
26875,1,Anführer der Smallworld,1
26875,2,Les Chefs de Smallworld,5
26875,3,Lideres de Smallworld,1
366857,1,English edition: Gen Con 2017,1
485357,1,English edition,1
323082,1,First edition,1
158888,1,First edition,1
23809,1,Epsilon Series Edition,1
163386,1,Metal Box edition,1
234544,1,Kickstarter Exclusive,1
416460,1,Spielbox edition,1
444536,1,Welcome To...: Ice Cream Truck & Outbreak Thematic Neighborhoods / Camion de Glace & Invasion Zombies,1
266409,1,Fief: France 1429 – Spielerweiterungen,1
266409,2,Italian First edition,1
266409,3,Spanish/Italian/German edition,1
339671,1,The Festival II / The Festival 15,5
367237,1,Die Burgen von Burgund: Das Team-Spiel (9. Erweiterung),5
277249,1,Osadnicy: Narodziny Imperium – Żetony Eksploracji,1
367232,1,Rajas of the Ganes: Das Mango-Dorf,1
362940,1,First edition,1
266839,1,First edition,1
377538,1,English 3.0 edition,1
377538,2,Polish 3.0 edition,1
427902,1,English/German edition,1
513954,1,Nemesis: Pokłosie i Koszmary i Medyk,1
513955,1,Nemesis: Pokłosie i Koszmary i Medyk,1
398027,1,Altiplano: Sunny Days,1
217876,1,Carcassonne Winter Edition: Honningkagemanden,1
217876,2,Carcassonne Winter Edition: Pepperkakemannen,1
507896,1,The Wizard Kings Treasure Chest,5
265015,1,English first edition,1
222015,1,Airlines Europe: Neue Bonusverbindungen,1
282123,1,English edition,1
218118,1,English first edition,1
218118,2,First Kickstarter edition,1
187147,1,Cthulhu Fluxx: Horrifying Sculpture Promo Card,1
445269,1,English/German edition,1
312610,1,Die Salsette Insel,5
247328,1,English first edition,1
442115,1,Monolith Arena: Akademicy,1
125981,1,Rattus Bonus 2,1
300625,1,Die Burgen von Burgund: German Board Game Championship Board 2016 (7.Erweiterung),5
364905,1,French/German edition,1
236134,1,First edition,1
236134,2,First Kickstarter edition,1
264017,1,French edition,1
266415,1,Italian First edition,1
266415,2,Spanish First edition,1
320819,1,English first edition,1
202709,1,Rio Grande Games Expansion Pack #2 edition,1
375686,1,English/German edition,1
427753,1,Die Quacksalber von Quedlinburg: Wolfgangs Wechselstube,5
510769,1,Neuroshima Hex! 3.0: Troglodyci,1
360282,1,English edition,1
288351,1,Camel Up: Das Schiedsrichterkamel,1
288504,1,Escape: Der Fluch des Tempels – Queenie 10: Totemkammer,1
288504,2,Escape: La Malediction du Temple – Queenie 10: Salle du Totem,1
238464,1,Kickstarter edition,1
319981,1,English GenCon edition,1
369699,1,English Fellowship edition,1
349393,1,English  Print-on-Demand edition,1
253914,1,First edition,1
487885,1,English edition,1
333117,1,English/French edition,1
282863,1,English Gen Con edition,1
301482,1,English POD edition,1
333127,1,English/French edition,1
332720,1,Robinson Crusoe: Mini-Erweiterung Käfig,1
333116,1,English/French edition,1
186860,1,Alcatraz: Il Capro Espiatorio - Massima Sicurezza,1
352688,1,Last Night On Earth: Hero Pack Two,1
294362,1,Doomtown: Reloaded – Foul Play,1
333120,1,English/French edition,1
456440,1,Laminate edition,1
367209,1,Gentes: Neue Städte,1
333131,1,English/French edition,1
420006,1,Tybor der Baumeister: Im Auftrag des Königs,1
295319,1,Essen edition,1
368738,1,Brettspiel Adventskalender edition,1
333129,1,English/French edition,1
388342,1,PAX Prime edition,1
512604,1,Monolith Arena: Golemy,1
333126,1,English/French edition,1
373754,1,German first edition,1
390275,1,Armoured Troll edition,1
513617,1,Hadara: Neue Nationen,1
422916,1,English/German edition,1
350528,1,TMNT Shadows of the Past: April O`Neil Hero Pack Expansion,1
350528,2,TMNT: Hero Pack – April O'Neil,1
333130,1,English/French edition,1
503859,1,Web published edition,1
157760,1,The Templars Castle,5
465854,1,Dutch/English/German edition,1
465854,2,Luiaard: Promo Set – Kameleon,1
371294,1,UK English edition,1
454989,1,Rajas of the Ganges: Segnungen von Kedarnath,1
112335,1,English first edition (tan with brown ink),1
331848,1,English/French edition,1
40413,1,The Medieval Fortified Town,5
362299,1,First Edition,1
333128,1,English/French edition,1
342555,1,First edition,1
358102,1,Escape: La Malediction du Temple – Queenie 12: Salle Coulissante,1
358102,2,Escape: The Curse of the Temple – Queenie 12: Deslizante,1
358102,3,Escape: The Curse of the Temple – Queenie 12: Glijbaan,1
358102,4,Multilingual edition,1
248069,1,English edition,1
476171,1,First edition,1
478892,1,Puerto Rico: Freibeuter,1
508210,1,Welcome To...: CoinCoin,1
483618,1,First edition,1
236206,1,Sankt Petersburg (zweite edition): Notlager-Minierweiterung,1
365601,1,Escape: La Malediction du Temple – Queenie 14: Puits aux Souhaits,1
365601,2,Escape: The Curse of the Temple – Queenie 14: Pozo de los Deseos,1
365601,3,Escape: The Curse of the Temple – Queenie 14: Wensput,1
365601,4,Multilingual edition,1
367193,1,Das Fundament der Ewigkeit: Neue Vorteilplättchen,5
372524,1,GenCon Alternate Sculpt edition,1
373598,1,First edition,1
291513,1,Escape: Der Fluch des Tempels – Queenie 11: Die Verfluchten Steine,1
291513,2,Escape: La Malediction du Temple – Queenie 11: Les Joyaux Maudits,1
330099,1,English/German edition,1
330098,1,Harbour: Eiskalter Wikinger,1
332718,1,Böhmische Dörfer Sonderaktionsplättchen,1
367196,1,American edition,1
370348,1,Euro-edition,1
370348,2,Language-neutral edition,1
368648,1,Screenprinted Special Tin Edition,1
169140,1,First edition,1
544448,1,Revised 2nd edition,1
424479,1,Version 1.1,1
173837,1,Second edition,1
362923,1,Third 'Nova' edition,1
125486,1,First edition,1
129905,1,Osprey edition,1
195051,1,English First Edition,1
226762,1,딕싯 확장: 상속자들 프로모 카드,1
249734,1,First edition,1
251861,1,First edition,1
252222,1,First edition,1
396767,1,1.1 edition,1
270862,1,California: Neue Bonuskarten,1
282463,1,Primed first edition,1
297768,1,First edition,1
320866,1,First edition,1
321759,1,German edition 2015,1
322032,1,English/German edition,1
323220,1,French first edition,1
325803,1,Trône de Fief (fan expansion for Fief 1429),1
327482,1,Jolly & Roger: Kanonenkugel,1
332822,1,Tallinn: Die Helfer,1
335407,1,Russian edition,1
387951,1,Game Trade magazine edition,1
344179,1,English Liliana Vess Deck A,1
344180,1,English Liliana Vess Deck B,1
344177,1,English Jace Beleren Deck A,1
344178,1,English Jace Beleren Deck B,1
344183,1,English Garruk Wildspeaker Deck A,1
344184,1,English Garruk Wildspeaker Deck B,1
344181,1,English Chandra Nalaar Deck A,1
344182,1,English Chandra Nalaar Deck B,1
344175,1,English Ajani Goldmane Deck A,1
344176,1,English Ajani Goldmane Deck B,1
387950,1,Game Trade magazine edition,1
359196,1,Railway Rivals Map AG: Argentina,1
362890,1,"Warhammer 40,000: Heroes of Black Reach – Ork Freebooterz",1
362890,2,"Warhammer 40,000: Heroes of Black Reach – Ultramarines Vanguard Veteran Squad",1
367233,1,Riga: Die Großmeister,1
374564,1,Arler Erde: Reisezielplättchen – Essen,1
389337,1,First edition,1
375518,1,Zooloretto: Kaninchen,1
377597,1,Эволюция: Последний рубеж,1
377598,1,Эволюция: Когти,1
534564,1,English 4th edition,1
534566,1,English 4th edition,1
534568,1,English 4th Edition,1
390693,1,English theme deck: Army of Justice,1
390697,1,English theme deck: Custom Creatures,1
390694,1,English theme deck: Dead Again,1
390695,1,English theme deck: Lofty Heights,1
390696,1,English theme deck: World Aflame,1
391111,1,English edition,1
405161,1,English/German edition,1
405678,1,Virus!: San Valentín,1
405679,1,Virus! Fin de Año,1
415976,1,夢：第十三章 毛毛蟲特典,1
416353,1,Menara: Die goldenen Säulen von Menara,1
426366,1,Містеріум: Полонений часу,1
426689,1,First edition,1
428090,1,Santo Domingo: Silberflotte,1
428119,1,First edition,1
429051,1,English edition,1
429925,1,Время Валеры: Возвращение Валеры,1
430841,1,First edition,1
436146,1,Moorgeister: Neue Aufgaben,1
442132,1,The Pharaoh's Labyrinth: The Mummy Expansion,5
449409,1,English edition,1
450358,1,English edition,1
451365,1,惨劇ルーパー:女の子,1
451747,1,English/German edition,1
461353,1,English/French/German edition,1
461353,2,Escape: The Curse of the Temple – Queenie 15: Neue Questkammern,1
461354,1,English/French/German edition,1
461354,2,Escape: La Malediction du Temple – Queenie 16: Nouvelles Salles Piege,1
466623,1,Orléans: Spielboxenzimmer,1
468781,1,English/German/Spanish edition,1
468781,2,Forum Trajanum: Die Ehrenbürger,1
478851,1,ICECOOL: Walross-Erweiterung,1
478854,1,Imhotep: Die Sonnenboot-Plattchen,1
478856,1,Imhotep: Das Duell – Grabkammer C & D,1
478891,1,Leo: Die Schlange,1
478989,1,Zooloretto: Wasserschwein,1
482141,1,Drako: Żetony promocyjne,1
483351,1,アニマニア：天然パック,1
483351,2,動物瘋：雙傻臨門包,1
492260,1,First edition,1
497503,1,平遙: 點實成金,1
510221,1,Poule Poule: Même pas Pâques!,1
514492,1,小白世紀 究極魔法書,1
514491,1,Munchkinomicón,1
523333,1,English revised edition,1
529868,1,English 4th Edition,1
534498,1,Multilingual first edition,1
546294,1,Tournament-Table,1
546294,2,Zero edition,1
546105,1,First edition,1
546107,1,Second edition,1
556204,1,PDF English edition,1
556203,1,English Softcover edition,1
570806,1,English PDF edition,1
